<?xml version='1.0' encoding='UTF-8'?><jpylyzer><toolInfo><toolName>jpylyzer.py</toolName><toolVersion>1.10.1</toolVersion></toolInfo><fileInfo><fileName>MS_1340_b0002_f0017_000001.jp2</fileName><filePath>/exlibris/dps/d4_1/python/jpelyzer/openplanets-jpylyzer-6390f57/jpylyzer/MS_1340_b0002_f0017_000001.jp2</filePath><fileSizeInBytes>301336</fileSizeInBytes><fileLastModified>Mon Oct  4 05:52:01 2010</fileLastModified></fileInfo><isValidJP2>True</isValidJP2><tests /><properties><signatureBox /><fileTypeBox><br>jp2 </br><minV>0</minV><cL>jp2 </cL></fileTypeBox><jp2HeaderBox><imageHeaderBox><height>245</height><width>855</width><nC>3</nC><bPCSign>unsigned</bPCSign><bPCDepth>8</bPCDepth><c>jpeg2000</c><unkC>no</unkC><iPR>no</iPR></imageHeaderBox><colourSpecificationBox><meth>Enumerated</meth><prec>0</prec><approx>0</approx><enumCS>sRGB</enumCS></colourSpecificationBox></jp2HeaderBox><contiguousCodestreamBox><siz><lsiz>47</lsiz><rsiz>ISO/IEC 15444-1</rsiz><xsiz>855</xsiz><ysiz>245</ysiz><xOsiz>0</xOsiz><yOsiz>0</yOsiz><xTsiz>855</xTsiz><yTsiz>245</yTsiz><xTOsiz>0</xTOsiz><yTOsiz>0</yTOsiz><numberOfTiles>1</numberOfTiles><csiz>3</csiz><ssizSign>unsigned</ssizSign><ssizDepth>8</ssizDepth><xRsiz>1</xRsiz><yRsiz>1</yRsiz><ssizSign>unsigned</ssizSign><ssizDepth>8</ssizDepth><xRsiz>1</xRsiz><yRsiz>1</yRsiz><ssizSign>unsigned</ssizSign><ssizDepth>8</ssizDepth><xRsiz>1</xRsiz><yRsiz>1</yRsiz></siz><com><lcom>35</lcom><rcom>ISO/IEC 8859-15 (Latin)</rcom><comment>Creator: JasPer Version 1.701.0</comment></com><cod><lcod>12</lcod><precincts>no</precincts><sop>no</sop><eph>no</eph><order>LRCP</order><layers>1</layers><multipleComponentTransformation>yes</multipleComponentTransformation><levels>5</levels><codeBlockWidth>64</codeBlockWidth><codeBlockHeight>64</codeBlockHeight><codingBypass>no</codingBypass><resetOnBoundaries>no</resetOnBoundaries><termOnEachPass>no</termOnEachPass><vertCausalContext>no</vertCausalContext><predTermination>no</predTermination><segmentationSymbols>no</segmentationSymbols><transformation>5-3 reversible</transformation></cod><qcd><lqcd>19</lqcd><qStyle>no quantization</qStyle><guardBits>2</guardBits><epsilon>8</epsilon><epsilon>9</epsilon><epsilon>9</epsilon><epsilon>10</epsilon><epsilon>9</epsilon></qcd><qcc /><qcc /><tileParts><tilePart><sot><lsot>10</lsot><isot>0</isot><psot>301082</psot><tpsot>0</tpsot><tnsot>1</tnsot></sot></tilePart></tileParts></contiguousCodestreamBox><compressionRatio>2.09</compressionRatio></properties></jpylyzer>