<?xml version='1.0' encoding='UTF-8'?><results><jpylyzer><toolInfo><toolName>jpylyzer.py</toolName><toolVersion>1.10.1</toolVersion></toolInfo><fileInfo><fileName>0005149j.jp2</fileName><filePath>/exlibris/dps/d4_1/python/jpelyzer/openplanets-jpylyzer-6390f57/jpylyzer/0005149j.jp2</filePath><fileSizeInBytes>5750071</fileSizeInBytes><fileLastModified>Mon Dec 17 15:17:09 2012</fileLastModified></fileInfo><isValidJP2>True</isValidJP2><tests /><properties><signatureBox /><fileTypeBox><br>jp2 </br><minV>0</minV><cL>jp2 </cL></fileTypeBox><jp2HeaderBox><imageHeaderBox><height>1965</height><width>2997</width><nC>3</nC><bPCSign>unsigned</bPCSign><bPCDepth>8</bPCDepth><c>jpeg2000</c><unkC>yes</unkC><iPR>no</iPR></imageHeaderBox><colourSpecificationBox><meth>Enumerated</meth><prec>0</prec><approx>0</approx><enumCS>sRGB</enumCS></colourSpecificationBox></jp2HeaderBox><contiguousCodestreamBox><siz><lsiz>47</lsiz><rsiz>ISO/IEC 15444-1</rsiz><xsiz>2997</xsiz><ysiz>1965</ysiz><xOsiz>0</xOsiz><yOsiz>0</yOsiz><xTsiz>2997</xTsiz><yTsiz>1965</yTsiz><xTOsiz>0</xTOsiz><yTOsiz>0</yTOsiz><numberOfTiles>1</numberOfTiles><csiz>3</csiz><ssizSign>unsigned</ssizSign><ssizDepth>8</ssizDepth><xRsiz>1</xRsiz><yRsiz>1</yRsiz><ssizSign>unsigned</ssizSign><ssizDepth>8</ssizDepth><xRsiz>1</xRsiz><yRsiz>1</yRsiz><ssizSign>unsigned</ssizSign><ssizDepth>8</ssizDepth><xRsiz>1</xRsiz><yRsiz>1</yRsiz></siz><cod><lcod>12</lcod><precincts>no</precincts><sop>no</sop><eph>no</eph><order>LRCP</order><layers>4</layers><multipleComponentTransformation>yes</multipleComponentTransformation><levels>5</levels><codeBlockWidth>64</codeBlockWidth><codeBlockHeight>64</codeBlockHeight><codingBypass>no</codingBypass><resetOnBoundaries>no</resetOnBoundaries><termOnEachPass>no</termOnEachPass><vertCausalContext>no</vertCausalContext><predTermination>no</predTermination><segmentationSymbols>no</segmentationSymbols><transformation>5-3 reversible</transformation></cod><qcd><lqcd>19</lqcd><qStyle>no quantization</qStyle><guardBits>1</guardBits><epsilon>10</epsilon><epsilon>11</epsilon><epsilon>11</epsilon><epsilon>12</epsilon><epsilon>11</epsilon></qcd><com><lcom>14</lcom><rcom>ISO/IEC 8859-15 (Latin)</rcom><comment>Kakadu-3.2</comment></com><tileParts><tilePart><sot><lsot>10</lsot><isot>0</isot><psot>5749882</psot><tpsot>0</tpsot><tnsot>1</tnsot></sot></tilePart></tileParts></contiguousCodestreamBox><compressionRatio>3.07</compressionRatio></properties></jpylyzer></results>
